"p_val","avg_log2FC","pct.1","pct.2","p_val_adj","cluster","gene"
0,1.53133108235188,0.472,0.154,0,"0","Upk1b"
0,1.42791132819752,0.966,0.514,0,"0","Fcrls"
0,1.36811213368222,0.931,0.443,0,"0","Slc2a5"
0,1.28697920385997,0.999,0.618,0,"0","P2ry12"
0,1.26896295990776,0.968,0.518,0,"0","P2ry13"
0,1.26451869319307,0.51,0.221,0,"0","Lrba"
0,1.16872710603495,0.94,0.496,0,"0","Ptgs1"
0,1.15520655269362,0.635,0.279,0,"0","Fam102b"
1.70063485616468e-215,1.1528333847771,0.335,0.132,3.9056780106678e-211,"0","1810011H11Rik"
0,1.14912125016126,0.988,0.577,0,"0","Gpr34"
5.78873716514089e-27,1.10244794545975,0.305,0.234,1.32944137734626e-22,"1","Slamf9"
7.94456433208885e-13,1.06183952179113,0.324,0.293,1.82454864450753e-08,"1","E330020D12Rik"
1.78078843227513e-12,1.02821112132057,0.279,0.232,4.08975871356307e-08,"1","Gm5086"
1.43642684580825e-28,1.01984371651751,0.633,0.615,3.29889789408322e-24,"1","Rbm26"
1.01096364300774e-148,0.974347001963204,0.812,0.647,2.32177910253157e-144,"1","Basp1"
3.3447817314812e-22,0.956207205730038,0.408,0.358,7.68162572451972e-18,"1","Ifi30"
2.22763405904039e-53,0.934217454736418,0.562,0.445,5.11598437999216e-49,"1","Gpr77"
2.23510244562957e-07,0.925018327432538,0.375,0.345,0.00513313627663287,"1","Pou2f2"
6.05186906583014e-06,0.897690634533874,0.327,0.306,0.138987224965855,"1","Col27a1"
3.02703033777775e-12,0.892432828712185,0.681,0.67,6.95187787374039e-08,"1","Ncoa3"
0,12.5275963369493,0.285,0.003,0,"2","Slc38a5"
0,11.2084793301429,0.658,0.016,0,"2","Sox18"
0,10.8266582443125,0.996,0.091,0,"2","Ly6c1"
0,10.822819744999,0.51,0.007,0,"2","E030010A14Rik"
0,10.8158005831959,0.37,0.002,0,"2","Kif26a"
0,10.794155788322,0.301,0.003,0,"2","Edn3"
0,10.7523963921362,0.527,0.006,0,"2","AU021092"
0,10.7363631617395,0.324,0.002,0,"2","Car5a"
0,10.5639218980761,0.992,0.048,0,"2","Cldn5"
0,10.5584662640357,0.301,0.002,0,"2","Cyyr1"
2.49160869874985e-110,2.83124989541518,0.318,0.107,5.72222853754889e-106,"3","Hist2h2aa1"
0,2.75825444763084,0.833,0.181,0,"3","Egr1"
3.54219407548191e-253,2.65393838178083,0.363,0.066,8.13500291375176e-249,"3","Gcg"
0,2.45999197424901,0.977,0.462,0,"3","Jun"
0,2.12134422693841,0.557,0.098,0,"3","Rgs1"
2.26013036602106e-153,2.08472064608741,0.369,0.103,5.19061539860398e-149,"3","Gpr165"
6.1241291947305e-229,2.03992913893142,0.311,0.055,1.40646751086181e-224,"3","Ccl3"
2.68639352670421e-64,2.00636748030566,0.288,0.116,6.16957137342889e-60,"3","Atp8a2"
1.97626258336499e-323,2.0029460151336,0.893,0.41,4.53868464895603e-319,"3","Ier5"
3.00108513677808e-256,1.95369463462966,0.587,0.169,6.89229212512453e-252,"3","Adrb1"
0,12.3016687866569,0.34,0.001,0,"4","A230001M10Rik"
0,12.0307351839971,0.941,0.011,0,"4","Opalin"
0,11.9587385166377,0.551,0.003,0,"4","C030030A07Rik"
0,11.7317930530918,0.861,0.007,0,"4","Hapln2"
0,11.2605855823349,0.994,0.027,0,"4","Cldn11"
0,10.8764368118891,0.315,0.001,0,"4","Fbxw15"
0,10.867185810212,0.696,0.007,0,"4","Tmem125"
0,10.7631492734347,0.752,0.006,0,"4","Gjc2"
0,10.1865402194687,0.917,0.01,0,"4","Aspa"
0,10.1022122944814,0.986,0.021,0,"4","Mog"
0,5.41959992390748,0.483,0.071,0,"5","Lpl"
4.2257881404876e-312,5.33128873283139,0.293,0.026,9.70494504344382e-308,"5","Lilrb4"
0,4.5731672529746,0.632,0.05,0,"5","Clec7a"
1.17080569125651e-114,4.55585603858525,0.278,0.062,2.68887235053971e-110,"5","Ccl3"
0,4.23513507053837,0.45,0.051,0,"5","Cst7"
1.35738904629451e-123,4.10984490225702,0.342,0.09,3.11737968371997e-119,"5","Lgals3"
4.98537641789685e-88,2.53770961047889,0.799,0.629,1.14494154813419e-83,"5","Apoe"
3.82805616328365e-59,2.53244898017218,0.325,0.125,8.79151378459724e-55,"5","Bcl2a1d"
2.85879263844185e-139,2.47197576963984,0.529,0.183,6.56550317344555e-135,"5","Capg"
5.78604233723477e-162,2.44832783901088,0.594,0.201,1.32882248316934e-157,"5","Cxcl16"
0,5.14593946571951,0.302,0.022,0,"6","Ifit2"
0,5.04508099816876,0.295,0.016,0,"6","Zbp1"
0,4.89188657973252,0.584,0.049,0,"6","Ifit3"
0,4.81565118599356,0.406,0.027,0,"6","I830012O16Rik"
0,4.3140984918106,0.388,0.036,0,"6","Ifi204"
1.32661414190972e-191,4.0240769479291,0.535,0.147,3.04670203830986e-187,"6","Ccl12"
0,4.00095771016644,0.571,0.082,0,"6","Usp18"
1.52444718638131e-218,3.91103589994843,0.283,0.034,3.50104540824331e-214,"6","Pyhin1"
4.6793044624887e-209,3.62057162482327,0.304,0.041,1.07464906285515e-204,"6","Gm4951"
5.53495030290501e-149,3.38466206287767,0.256,0.041,1.27115668656516e-144,"6","Gm12250"
0,10.9462685273434,0.299,0.002,0,"7","Grin1"
0,9.99057609571371,0.51,0.018,0,"7","Meg3"
0,9.28368821955955,0.31,0.003,0,"7","Kcnc1"
0,9.156407842264,0.299,0.004,0,"7","Rph3a"
0,9.02876730668722,0.428,0.016,0,"7","Chgb"
0,9.01089587171804,0.486,0.009,0,"7","Rbfox3"
0,8.84502316481529,0.304,0.009,0,"7","Spnb3"
0,8.74501018060635,0.512,0.007,0,"7","Dnm1"
0,8.62327305314544,0.25,0.003,0,"7","Gabrb2"
0,8.57542971625553,0.279,0.003,0,"7","Golga7b"
0,9.6714609131159,0.749,0.008,0,"8","Aqp4"
0,9.62222117422557,0.304,0.002,0,"8","Ppp1r3g"
0,9.16670109880325,0.29,0.002,0,"8","Hapln1"
0,9.11215241442251,0.453,0.003,0,"8","AI464131"
0,8.88198372014889,0.42,0.003,0,"8","Gabrg1"
0,8.84956016640341,0.348,0.008,0,"8","Agt"
0,8.83491373421774,0.623,0.006,0,"8","Slc7a10"
0,8.81940306876189,0.747,0.009,0,"8","Cldn10"
0,8.81103818723438,0.267,0.001,0,"8","Nr2e1"
0,8.80012484030397,0.411,0.021,0,"8","Entpd2"
0,10.4348192077689,0.348,0.011,0,"9","Calml3"
3.11197006252424e-110,8.96002646069224,0.503,0.136,7.14695044559317e-106,"9","Krt15"
1.38833745715937e-238,8.44323212725631,0.298,0.019,3.18845580411221e-234,"9","Trim29"
0,8.32844366202535,0.396,0.018,0,"9","Fxyd3"
1.04063622726733e-177,8.30882301824386,0.345,0.037,2.38992515954214e-173,"9","Aqp3"
7.04507855490838e-309,8.22010076045029,0.426,0.032,1.61797274092026e-304,"9","Lgals7"
7.83645669364995e-244,8.08187239254815,0.277,0.016,1.79972064426365e-239,"9","Dsp"
1.76858576328021e-282,7.9617556783278,0.426,0.036,4.06173406394934e-278,"9","Dmkn"
0,7.84566259940083,0.259,0.006,0,"9","Krt24"
0,7.74299466971691,0.375,0.019,0,"9","Col17a1"
0,12.7138045524672,0.5,0.017,0,"10","Nkg7"
0,12.6417724418674,0.271,0.001,0,"10","Xcl1"
0,11.9116208779384,0.409,0.008,0,"10","Cd3g"
0,11.7459990568877,0.36,0.008,0,"10","Cd3d"
0,11.6132648004256,0.287,0.004,0,"10","Sh2d2a"
0,11.5726378372674,0.284,0.009,0,"10","Cd8b1"
0,11.360256672528,0.412,0.01,0,"10","Lat"
0,11.3162137849531,0.262,0.008,0,"10","Cd8a"
0,11.0214081458252,0.314,0.01,0,"10","Gimap3"
0,10.8754679680097,0.405,0.01,0,"10","Ms4a4b"
0,12.651416340124,0.953,0.057,0,"11","Acta2"
0,12.0980939119206,0.995,0.03,0,"11","Myl9"
0,12.0249730895048,0.376,0.001,0,"11","Olfr558"
0,11.8597684379647,0.958,0.02,0,"11","Tagln"
0,11.8145128285602,0.803,0.003,0,"11","Lmod1"
0,11.2293344907515,0.258,0.001,0,"11","Sgca"
0,11.1542614707204,0.681,0.002,0,"11","Foxs1"
0,11.1017018000782,0.61,0.002,0,"11","Gpr20"
0,11.0318496393364,0.962,0.026,0,"11","Tpm2"
0,11.0127549153536,0.451,0.008,0,"11","Cnn1"
0,11.2029380469645,0.347,0.002,0,"12","Clec4b1"
0,10.9140273875475,0.383,0.005,0,"12","Mgl2"
0,10.0766079936872,1,0.084,0,"12","H2-Eb1"
0,9.86720360867543,1,0.117,0,"12","H2-Aa"
1.6555509237204e-242,9.46026559409467,1,0.172,3.80213825141627e-238,"12","H2-Ab1"
8.01776683902115e-204,8.84392816557185,1,0.217,1.8413603322496e-199,"12","Cd74"
0,8.26849585282313,0.719,0.021,0,"12","Plbd1"
0,7.91787535009818,0.563,0.009,0,"12","Clec12a"
0,7.87187782386577,0.287,0.003,0,"12","Sirpb1a"
0,7.79045913435228,0.365,0.004,0,"12","Ms4a7"
4.60967545008598e-92,12.5910923357058,0.25,0.008,1.05865806386675e-87,"13","Mmp8"
0,11.7341496239463,0.6,0.003,0,"13","Fpr2"
0,11.6903553433431,0.317,0.001,0,"13","Gm5150"
0,11.6194926392475,0.75,0.008,0,"13","Ifitm6"
1.05538022858578e-10,11.47388247458,0.317,0.097,2.4237862329701e-06,"13","S100a8"
3.22843256139007e-08,11.4386049668159,0.267,0.087,0.000741441822048844,"13","S100a9"
1.72812609804292e-81,11.2738550090815,0.283,0.012,3.96881439676537e-77,"13","Mmp9"
9.1200431298928e-34,11.0071175306244,0.3,0.031,2.09450910521118e-29,"13","Chi3l3"
0,10.5016156533639,0.383,0.004,0,"13","F10"
0,10.4737148541411,0.6,0.002,0,"13","Ear2"
0,12.7668928834684,0.847,0.002,0,"14","C1ql1"
0,11.4934153082434,0.39,0.001,0,"14","Chst5"
0,11.1350728355283,0.627,0.003,0,"14","Neu4"
0,10.9541043308418,0.271,0,0,"14","Sox3"
0,10.5806391619451,0.729,0.011,0,"14","Matn4"
0,10.4533931136938,0.695,0.01,0,"14","Gpr17"
0,10.3306259803546,0.271,0.001,0,"14","Dll3"
0,10.1807867717395,0.881,0.012,0,"14","Pdgfra"
0,9.87769844990592,0.644,0.002,0,"14","Nxph1"
0,9.62130670074238,0.559,0.003,0,"14","Ppapdc1a"
0,14.5819714393421,0.364,0,0,"15","Kcne2"
0,14.5154357465871,0.727,0.002,0,"15","Cox8b"
1.23891740617248e-113,13.822257907383,1,0.044,2.84529771501571e-109,"15","Ttr"
0,13.7111181698192,0.364,0,0,"15","1110059M19Rik"
0,12.3009666937196,0.909,0.001,0,"15","Wdr86"
0,12.2863244380427,1,0.003,0,"15","Clic6"
0,12.0981975198614,0.364,0,0,"15","Tlx2"
0,11.6617179037609,0.909,0.003,0,"15","Folr1"
0,11.5950869258425,0.773,0.001,0,"15","Ccdc135"
0,11.2783062713453,0.364,0.001,0,"15","Cndp1"
